,customer_id,name,username,password
0,c0,Pauline Sutton,Pauline14Sutton,backrow
1,c1,Vanessa Box,Vanessa11Box,backrow
2,c2,Diana Benham,Diana12Benham,backrow
3,c3,Ester Sasser,Ester12Sasser,backrow
4,c4,Christel Nash,Christel13Nash,backrow
5,c5,Harold Self,Harold11Self,backrow
6,c6,Glen Gould,Glen10Gould,backrow
7,c7,William Martin,William14Martin,backrow
8,c8,Jessica Bullock,Jessica15Bullock,backrow
9,c9,Kerry Smith,Kerry11Smith,backrow
10,c10,Marion Spencer,Marion14Spencer,backrow
11,c11,Melody Novak,Melody12Novak,backrow
12,c12,Jonathan Harley,Jonathan15Harley,backrow
13,c13,Kristin Hodge,Kristin13Hodge,backrow
14,c14,Wilma Jones,Wilma11Jones,backrow
15,c15,David Airington,David15Airington,backrow
16,c16,James Owens,James11Owens,backrow
17,c17,Estela Reevers,Estela14Reevers,backrow
18,c18,Sam Kovach,Sam10Kovach,backrow
19,c19,Krystal Rojas,Krystal13Rojas,backrow
20,c20,John Hall,John9Hall,backrow
21,c21,Lucille Doughty,Lucille15Doughty,backrow
22,c22,Ruby Merritt,Ruby12Merritt,backrow
23,c23,Rosie Gilliam,Rosie13Gilliam,backrow
24,c24,Eloy Mcqueen,Eloy12Mcqueen,backrow
25,c25,Dale Polzin,Dale11Polzin,backrow
26,c26,Annie Nelson,Annie12Nelson,backrow
27,c27,Joseph Douglas,Joseph14Douglas,backrow
28,c28,Crystal Sholar,Crystal14Sholar,backrow
29,c29,Kathleen Rich,Kathleen13Rich,backrow
30,c30,Katherine Mollette,Katherine18Mollette,backrow
31,c31,Dia Winslow,Dia11Winslow,backrow
32,c32,John Cromer,John11Cromer,backrow
33,c33,Frances Wentzel,Frances15Wentzel,backrow
34,c34,George Evangelista,George18Evangelista,backrow
35,c35,Megan Stice,Megan11Stice,backrow
36,c36,Sherman Vogus,Sherman13Vogus,backrow
37,c37,Brian Studt,Brian11Studt,backrow
38,c38,Maricela Flores,Maricela15Flores,backrow
39,c39,Eleanor Williams,Eleanor16Williams,backrow
40,c40,Michael Brooks,Michael14Brooks,backrow
41,c41,David Anklam,David12Anklam,backrow
42,c42,Nina Brassell,Nina13Brassell,backrow
43,c43,Andrew Madden,Andrew13Madden,backrow
44,c44,Fred Nichols,Fred12Nichols,backrow
45,c45,William Lanasa,William14Lanasa,backrow
46,c46,Herbert Selby,Herbert13Selby,backrow
47,c47,Karen Knaff,Karen11Knaff,backrow
48,c48,Marshall Louis,Marshall14Louis,backrow
49,c49,Nancy Bates,Nancy11Bates,backrow
